"0001","相生ユニビオ","あいおいゆにびお","445-0891","22","愛知県愛知県西尾市下町丸山５番地","http://www.unibio.jp","34.8741958","137.038757","t"
"0002","相澤酒造","あいざわしゅぞう","327-0843","8","栃木県佐野市堀米町３９５４-１","http://www4.ocn.ne.jp/~ainosawa/","36.3262119","139.5780989","t"
"0003","愛知県食品工業技術センター","あいちけんしょくひんこうぎょうぎじゅつせんたー","451-0083","22","愛知県名古屋市西区新福寺町２-１-１","http://www.aichi-inst.jp/shokuhin/","35.2036811","136.8827142","t"
"0004","愛知酒造","あいちしゅぞう","529-1227","24","滋賀県愛知郡愛荘町野々目２０７","なし","35.1712595","136.2259741","t"
"0005","会津酒造","あいづしゅぞう","967-0006","6","福島県南会津郡南会津町永田字穴沢６０３","http://www.uyou.gr.jp/aizu-syuzou/","37.201433","139.756248","t"
"0006","会津錦","あいづにしき","969-4311","6","福島県喜多方市高郷町西羽賀２５２４","http://aizunishiki.jp/","37.6022185","139.7569163","t"
"0007","相原酒造","あいはらしゅぞう","737-0152","33","広島県呉市仁方本町１-２５-１５ ","http://www.urban.ne.jp/home/aihara/","34.2268087","132.6514232","f"
"0008","あい娘酒造","あいむすめしゅぞう","854-0301","雲仙市","雲仙市愛野町甲１３７８-２","なし","32.8214735","130.165721","t"
"0009","愛友酒造","あいゆうしゅぞう","311-2421","7","茨城県潮来市辻205","http://www.aiyu-sake.jp","35.9460896","140.5581442","t"
"0010","葵酒造","あおいしゅぞう","667-0112","27","兵庫県養父市養父市場２８１","なし","35.385246","134.8113091","t"
"0011","青ヶ島酒造","あおがしましゅぞう","100-1400","12","東京都八丈島八丈町","なし","33.1094444","139.7913889","f"
"0012","青木酒造（山口）","あおきしゅぞう","745-0302","34","山口県周南市鹿野町大字鹿野上３１９７","なし","34.0551188","131.8061858","t"
"0013","青木酒造（愛知）","あおきしゅぞう","496-0915","22","愛知県愛西市本部田町本西６０","http://www.yamahai.co.jp/","35.1368794","136.7358026","t"
"0015","青木酒造（新潟）","あおきしゅぞう","949-6408","14","新潟県南魚沼市塩沢１２１４","http://www.kakurei.co.jp/","37.0399491","138.8511738","t"
"0014","青木酒造(茨城）","あおきしゅぞう","306-0023","7","茨城県古河市本町２-１５-１１","なし","36.1907084","139.7061103","f"
"1189","青島酒造","あおしましゅぞう","426-0036","21","静岡県藤枝市上青島２４６","なし","34.8441575","138.227339","f"
"0016","青砥酒造","あおとしゅぞう","692-0623","31","島根県安来市広瀬町布部１１６４-４","なし","35.3018648","133.1483125","t"
"0017","青柳酒造","あおやぎしゅぞう","289-1701","11","千葉県山武郡横芝光町篠本７２６","なし","35.7013497","140.4993597","t"
"0018","赤磐酒造","あかいわしゅぞう","709-0821","32","岡山県赤磐市河本１１１３ ","http://www.freak.ne.jp/akaiwa/","34.7481022","134.0163487","t"
"0019","赤川酒造","あかがわしゅぞう","761-8012","36","香川県高松市香西本町２８６-１ ","なし","34.3448952","134.0024851","t"
"0020","赤木酒造","あかぎしゅぞう","716-0303","32","岡山県高梁市備中町長屋４３ ","なし","34.7872185","133.4588257","t"
"0021","赤澤酒造","あかざわしゅぞう","713-8126","32","岡山県倉敷市玉島黒崎７９９２ ","なし","34.4952126","133.6157293","t"
"0022","明石酒造","あかししゅぞう","889-4221","44","宮崎県えびの市大字栗下６１-１","http://www.meigetsu.co.jp/","32.0413558","130.8144626","f"
"0023","明石酒類醸造","あかししゅるいじょうぞう","673-0871","27","兵庫県明石市大蔵八幡町１-３","http://www.akashi-tai.com/","34.6448043","135.0121551","t"
"0024","明科酒造","あかしなしゅぞう","399-7102","19","長野県安曇野市明科中川手４１７６","なし","36.3565676","137.9318004","f"
"0025","明石醗酵工業","あかしはっこうこうぎょう","673-0026","27","兵庫県明石市船上町９-４８ ","http://www.akashi-tai.com/","34.6457116","134.9742279","t"
"0026","アカツキ酒造","あかつきしゅぞう","882-1414","44","宮崎県西臼杵郡高千穂町大字河内１８３５-５","なし","32.7756456","131.2561478","t"
"0027","暁酒造","あかつきしゅぞう","520-2331","24","滋賀県野洲市小篠原１３８９","なし","35.0662956","136.0284307","t"
"0028","吾妻嶺酒造店","あがつまみねしゅぞうてん","028-3453","2","岩手県紫波郡紫波町土舘字内川５ ","http://www.azumamine.com","39.5520108","141.1086497","t"
"0029","赤武酒造","あかぶしゅぞう","028-1177","2","岩手県上閉伊郡大槌町末広町３-３ ","なし","39.359756","141.9045572","t"
"0030","赤松本家酒造","あかまつほんけしゅぞう","798-3323","37","愛媛県宇和島市津島町上畑地甲１５０２","なし","33.0844572","132.5060851","t"
"0031","赤嶺酒造場","あかみねしゅぞうじょう","875-0201","43","大分県臼杵市野津町大字野津市１６４-１","なし","33.0440103","131.6926912","f"
"0032","赤名酒造","あかめいしゅぞう","690-3511","31","島根県飯石郡飯南町赤名２３","なし","34.9971962","132.7160212","t"
"0033","阿川酒造","あがわしゅぞう","779-4101","35","徳島県美馬郡つるぎ町貞光字町１１ ","なし","34.033888","134.0630264","t"
"0034","秋川酒造","あきがわしゅぞう","799-1312","37","愛媛県西条市大野１５０ ","http://www5b.biglobe.ne.jp/~sake/","33.9455265","133.0476577","t"
"0035","秋鹿酒造","あきしかしゅぞう","563-0113","26","大阪府豊能郡能勢町倉垣１００７ ","なし","34.9768837","135.4666694","f"
"0036","秋田県醗酵工業","あきたけんはっこうこうぎょう","012-0051","4","秋田県湯沢市深堀字中川原120-8","http://www.akihatsu.co.jp/","39.1687","140.4714761","f"
"0037","秋田酒造","あきたしゅぞう","010-1631","4","秋田県秋田市新屋元町２３-２８ ","http://www.osake.or.jp/kuramoto/m61.html","39.6839781","140.0826737","f"
"0038","秋田酒類製造","あきたしゅるいせいぞう","010-0934","4","秋田県秋田市川元むつみ町4-12","http://www.takashimizu.co.jp/index.html","39.7094174","140.1044786","f"
"0039","秋田醸造","あきたじょうぞう","010-0021","4","秋田県秋田市楢山登町５-２ ","http://www.osake.or.jp/kuramoto/m31.html","39.7081931","140.1143666","t"
"0040","秋田清酒","あきたせいしゅ","014-0801","4","秋田県大仙市戸地谷字天ケ沢８３-１","http://www.igeta.jp","39.4640763","140.4969619","f"
"0041","秋田富士酒造店","あきたふじしゅぞうてん","014-1412","4","秋田県大仙市藤木字西八圭３１","http://www.osake.or.jp/kuramoto/te1.html","39.412126","140.480976","t"
"0042","秋田誉酒造","あきたほまれしゅぞう","015-0875","4","秋田県由利本荘市砂子下３","http://www.osake.or.jp/kuramoto/u181.html","39.3897483","140.0389471","t"
"0043","秋田銘醸","あきためいじょう","012-0814","4","秋田県湯沢市大工町4番23号 ","http://www.ranman.co.jp","39.1680925","140.4946712","f"
"0044","明寿酒造","あきひさししゅぞう","759-5512","34","山口県下関市豊北町田耕２９８５","なし","34.2749749","130.9888642","t"
"0045","曙酒造","あけぼのしゅぞう","969-6537","6","福島県河沼郡会津坂下町字戊亥乙２","http://www.tenmei.co.jp/index7.html","37.5614809","139.8216425","f"
"0046","浅川酒造","あさかわしゅぞう","319-2212","7","茨城県常陸大宮市上大賀２５３４","なし","36.5805741","140.4057395","t"
"0047","浅勘酒造店","あさかんしゅぞうてん","989-6204","3","宮城県大崎市古川矢目字北谷地８７","http://www.yoimai.com/index.html","38.5609354","140.9115014","f"
"0048","阿桜酒造","あざくらしゅぞう","013-0041","4","秋田県横手市大沢字西野６７-２ ","http://www.azakura.co.jp/","39.3050111","140.5806886","f"
"0049","安佐酒造","あさしゅぞう","731-0101","33","広島県広島市安佐南区八木９丁目３２-４１","なし","34.4852801","132.5063457","t"
"0050","朝妻酒造","あさづましゅぞう","959-0422","14","新潟県新潟市西蒲区曽根２５１-２","なし","37.7963834","138.9167013","t"
"0051","朝凪酒造","あさなぎしゅぞう","839-0824","39","福岡県久留米市善導寺町飯田７８６ ","なし","33.3294174","130.6076873","t"
"0052","浅野酒造","あさのしゅぞう","716-0201","32","岡山県高梁市川上町地頭１８４９-２","なし","34.7363338","133.4839633","t"
"0053","麻原酒造","あさはらしゅぞう","350-0451","10","埼玉県入間郡毛呂山町毛呂本郷９４","http://www.lamoo.co.jp/sazanami/","35.9406614","139.3032881","t"
"0054","旭鳳酒造","あさひおおとりしゅぞう","731-0221","33","広島県広島市安佐北区可部３-８-１６","なし","34.5211316","132.5136909","t"
"0056","朝日川酒造","あさひがわしゅぞう","999-3511","5","山形県西村山郡河北町谷地９３","http://www.oboshi.co.jp/kuramoto/asahikawa","38.424893","140.314931","t"
"0057","旭菊酒造","あさひぎくしゅぞう","830-0115","39","福岡県久留米市三潴町大字壱町原４０３","http://www.asahigiku.com/","33.249714","130.4468352","f"
"0061","旭酒造(三重）","あさひしゅぞう","515-0303","23","三重県多気郡明和町大字山大淀１７６７","なし","34.567058","136.6468543","t"
"0062","朝日酒造（福井）","あさひしゅぞう","916-0141","17","福井県丹生郡越前町西田中１１-５３","なし","35.976416","136.1279926","t"
"0063","朝日酒造（新潟）","あさひしゅぞう","949-5494","14","新潟県長岡市朝日880-1","http://www.asahi-shuzo.co.jp/","37.3968971","138.7745844","f"
"0058","朝日酒造（鹿児島）","あさひしゅぞう","891-6202","45","鹿児島県大島郡喜界町湾４１-１ ","なし","28.3220994","129.9385624","f"
"0064","旭日酒造","あさひしゅぞう","693-0001","31","島根県出雲市今市町６６２ ","http://www.jujiasahi.co.jp","35.3639661","132.7571952","f"
"0059","旭酒造（大分）","あさひしゅぞう","871-0031","43","大分県中津市大字中殿３６３-１ ","なし","33.5996322","131.1932659","f"
"0060","旭酒造（山口）","あさひしゅぞう","742-0422","34","山口県岩国市周東町獺越2167-4","http://asahishuzo.ne.jp","34.1252289","132.0042756","f"
"0065","旭鶴","あさひつる","285-0804","11","千葉県佐倉市馬渡９１８ ","http://www.asahiduru.co.jp","35.6695768","140.2260995","t"
"0066","旭鶴酒造","あさひつるしゅぞう","709-3626","32","岡山県久米郡久米南町上神目４７４-１","なし","34.9006868","133.9337147","t"
"0067","アサヒビール","あさひびーる","130-8602","12","東京都墨田区吾妻橋1-23-1","http://www.asahibeer.co.jp/","35.710245","139.800382","f"
"0068","旭松酒造","あさひまつしゅぞう","834-1217","39","福岡県八女市黒木町大字黒木３６","なし","33.2140553","130.6675937","t"
"0069","あさ開","あさびらき","020-0828","2","岩手県盛岡市大慈寺町１０-３４ ","http://www.asabiraki-net.jp","39.692507","141.1595753","f"
"0070","浅舞酒造","あさまいしゅぞう","013-0105","4","秋田県横手市平鹿町浅舞３８８ ","http://www.amanoto.co.jp/","39.2655158","140.488556","t"
"0071","浅間酒造","あさましゅぞう","377-1304","9","群馬県吾妻郡長野原町長野原３０-８","http://www.asama-sakagura.co.jp/","36.551629","138.636044","t"
"0072","アシードブリュ－","あしーどぶりゅ－","721-0957","33","広島県福山市箕島町５７２５-１ ","http://www.shurakunosato.jp/","34.4572888","133.4025804","f"
"0073","東魁酒造","あずまいさおしゅぞう","311-0506","7","茨城県常陸太田市折橋町１２１１","なし","36.7176279","140.5030403","t"
"0074","東薫酒造","あずまかおるしゅぞう","287-0003","11","千葉県香取市佐原イ６２７","http://www.tokun.co.jp/","35.8890421","140.494705","f"
"0075","東の麓酒造","あずまのふもとしゅぞう","992-0472","5","山形県南陽市宮内2557番地 "," http://www3.omn.ne.jp/~yamaei/index.html","38.0721503","140.1393999","f"
"0076","東屋酒造","あずまやしゅぞう","698-0041","31","島根県益田市高津町イ８９９ ","なし","34.6852765","131.7957083","t"
"0077","麻生本店","あそうほんてん","879-5432","43","大分県由布市庄内町畑田１６","http://www.asouhonten.com/","33.1867627","131.4345049","f"
"0078","足立酒造","あだちしゅぞう","500-8222","20","岐阜県岐阜市琴塚３-２１-１０","なし","35.4159083","136.8129651","t"
"0079","安達本家酒造","あだちほんけしゅぞう","510-8101","23","三重県三重郡朝日町縄生２１０７-１","http://www.fujinohikari.com","35.0401232","136.6695376","t"
"0080","油正","あぶしょう","514-1135","23","三重県津市久居本町1583 ","http://www.abusyou-hatsuhi.co.jp","34.6739788","136.4712347","f"
"0081","阿武の鶴酒造","あぶのつるしゅぞう","759-3622","34","山口県阿武郡阿武町大字奈古２７９６ ","なし","34.5018794","131.4684353","t"
"0083","阿部勘九郎","あべかんくろう","985-0057","3","宮城県塩竈市西町３-９ ","なし","38.3171256","141.0138918","f"
"0084","阿部酒造","あべしゅぞう","945-1352","14","新潟県柏崎市安田３５６０","http://www5.ocn.ne.jp/~abesyuzo/","37.347607","138.6114872","t"
"0085","阿部酒造店","あべしゅぞうてん","321-3531","8","栃木県芳賀郡茂木町大字茂木１３２","http://abeshuzo.dnsalias.com/","36.533223","140.1869815","t"
"0086","天草酒造","あまくさしゅぞう","863-0101","42","熊本県天草市新和町小宮地１１８０８-１","http://www.rurinoka.co.jp/","32.3227974","130.1920502","f"
"0087","天の川酒造","あまのがわしゅぞう","811-5117","41","長崎県壱岐市郷ノ浦町田中触８０８","http://www1.ocn.ne.jp/~n-sake/02kuramoto/kura/16_amanokawasyuzou/index.html","33.7612934","129.7024196","f"
"0088","天埜酒造","あまのしゅぞう","475-0023","22","愛知県半田市亀崎町９-１１２ ","なし","34.9119697","136.9626829","t"
"0089","天吹酒造","あまぶきしゅぞう","849-0113","40","佐賀県三養基郡みやき町東尾2894 ","http://www.amabuki.co.jp","33.3266263","130.4574371","f"
"0090","奄美大島開運酒造","あまみおおしまかいうんしゅぞう","894-0026","45","鹿児島県奄美市名瀬港町９-１５ ","http://www.synapse.ne.jp/kaiun-syuzou/","28.3804978","129.495735","f"
"0091","奄美大島酒造","あまみおおしましゅぞう","894-0104","45","鹿児島県大島郡龍郷町浦１８６４-２ ","なし","28.4116613","129.5947229","f"
"0092","奄美大島にしかわ酒造","あまみおおしまにしかわしゅぞう","891-8114","45","鹿児島県大島郡伊仙町面縄６８５-３","http://nisikawa.net/syuzou/top/","27.6714627","128.9651935","f"
"0093","奄美酒類","あまみしゅるい","891-7101","45","鹿児島県鹿児島県大島郡徳之島町亀津１１９４","なし","27.7337857","129.01233","f"
"0094","天海の蔵","あまみのくら","894-1531","45","鹿児島県大島郡瀬戸内町手安７５４-１ ","http://www.amami.or.jp","28.1507451","129.2999574","f"
"0095","綾菊酒造","あやきくしゅぞう","761-2204","36","香川県綾歌郡綾川町山田下3393番地1","http://www.ayakiku.com/","34.2221975","133.9474759","f"
"0096","綾杉酒造場","あやすぎしゅぞうじょう","815-0032","39","福岡県福岡市南区塩原１-１２-３７","http://www.ayasugi.co.jp","33.5681379","130.4292863","t"
"0097","鮎正宗酒造","あゆまさむねしゅぞう","944-0341","14","新潟県妙高市大字猿橋６３６","http://www.ayumasamune.com/","36.9549359","138.2735511","t"
"0098","有木酒造場","あらきしゅぞうじょう","731-0501","33","広島県安芸高田市吉田町吉田１０９１-２","http://www.santaiariki.com/","34.663133","132.7061985","t"
"0099","嵐山酒造","あらしやましゅぞう","999-0121","5","山形県東置賜郡川西町大字上小松３１８２","http://www.fujinoi.com","38.00366","140.0404735","t"
"0100","有賀醸造","ありがじょうぞう","961-0303","6","福島県白河市東釜子本町９６","http://www.arinokawa.com/index.html","37.0998657","140.3487701","t"
"0101","アリサワ","ありさわ","782-0032","38","高知県香美市土佐山田町西本町１-４-１","なし","33.6061738","133.68537","t"
"0102","有澤酒造店","ありさわしゅぞうてん","930-0351","15","富山県中新川郡上市町北島４０","なし","36.7031999","137.3706212","t"
"0103","有馬錦酒造","ありまにしきしゅぞう","357-0063","10","埼玉県飯能市飯能４４６","なし","35.8568439","139.3032143","t"
"0104","有光酒造場","ありみつしゅぞうじょう","784-0033","38","高知県安芸市赤野甲３８-１","http://ww8.tiki.ne.jp/~akano","33.5162971","133.8339451","t"
"0105","有村酒造","ありむらしゅぞう","891-9301","45","鹿児島県大島郡与論町茶花２２６-１ ","なし","27.0484351","128.4163349","f"
"0106","有吉酒造","ありよししゅぞう","744-0071","34","山口県下松市清瀬町１-１３-１３ ","なし","34.0302059","131.8563485","t"
"0107","安藤酒造","あんどうしゅぞう","674-0061","27","兵庫県明石市大久保町森田１７９-２ ","なし","34.675351","134.949832","t"
"0108","ＥＨ酒造","いーえいちしゅぞう","399-8204","19","長野県安曇野市豊科高家１０９０-１","http://www.eh-shuzo.com","36.2555813","137.9236403","t"
"0109","飯田酒造場","いいだしゅぞうじょう","288-0817","11","千葉県銚子市清川町２-１-２ ","なし","35.7296982","140.8205996","f"
"0110","飯田本家","いいだほんけ","289-0313","11","千葉県香香取市小見川１７８","なし","35.8524708","140.6016597","t"
"0111","飯田本店","いいだほんてん","632-0062","28","奈良県天理市長柄町６５６","なし","34.5728746","135.8293994","t"
"0112","飯沼本家","いいぬまほんけ","285-0914","11","千葉県印旛郡酒々井町馬橋１０６ ","http://www.iinumahonke.co.jp","35.7089255","140.2718494","f"
"0113","飯沼銘醸","いいぬまめいじょう","322-0604","8","栃木県上都賀郡西方町元８５０ ","なし","36.465096","139.7324031","f"
"0114","飯盛酒造","いいもりしゅぞう","849-1321","40","佐賀県鹿島市古枝甲１２２ ","なし","33.0918278","130.1029027","t"
"0115","家久長本店","いえひさちょうほんてん","319-3526","7","茨城県久慈郡大子町大子２４８-１ ","なし","36.7762117","140.3461604","t"
"0116","伊賀泉酒造","いがいずみしゅぞう","518-0108","23","三重県伊賀市才良６５ ","なし","34.7104909","136.1541412","t"
"0117","井賀屋酒造店","いがやしゅぞうてん","383-0013","19","長野県中野市大字中野１５９７","http://www.iwasimizu.com/","36.7471102","138.3733332","t"
"0118","五十嵐酒造","いがらししゅぞう","357-0044","10","埼玉県飯能市川寺６６７-１","http://www.snw.co.jp/~iga_s/index.html","35.8384329","139.3248875","f"
"0119","勢玉","いきおいたま","770-0868","35","徳島県徳島市福島１-４-９ ","なし","34.0719284","134.5632402","t"
"0120","壱岐の蔵酒造","いきのくらしゅぞう","811-5753","41","長崎県壱岐市芦辺町湯岳本村触５２０ ","http://www.ikinokura.co.jp/","33.7834978","129.7319164","f"
"0121","壱岐の華","いきのはな","811-5315","41","長崎県壱岐市芦辺町諸吉二亦触１６６４-１","http://www010.upp.so-net.ne.jp/ikishuzo/ikinohana/ikinohana01.html","33.7835182","129.7530044","f"
"0122","生熊酒造","いくましゅぞう","729-5124","33","広島県庄原市東城町東城４３-１ ","なし","34.8950694","133.2724319","t"
"0123","池浦酒造","いけうらしゅぞう","949-4524","14","新潟県長岡市大字両高乙５１０-１","http://ikeura-syuzo.co.jp/","37.5775902","138.7441221","f"
"0124","池亀酒造","いけがめしゅぞう","830-0105","39","福岡県久留米市三潴町草場５４５","http://www.ikekame.com/","33.2627346","130.4442164","f"
"0125","池島酒造","いけじましゅぞう","324-0036","8","栃木県大田原市下石上１２２７","http://www.ikenishiki.co.jp/","36.8503178","139.9482607","t"
"0126","池田酒造（京都）","いけだしゅぞう","624-0966","25","京都府舞鶴市中山３２ ","なし","35.4696216","135.2826549","t"
"0127","池田酒造（福井）","いけだしゅぞう","918-8076","17","福井県福井市本堂町７０-１ ","なし","36.0598996","136.132581","t"
"0128","池田屋","いけだや","835-0024","39","福岡県みやま市瀬高町下庄１２８７","なし","33.1588912","130.4718288","t"
"0129","池田屋酒造（岐阜）","いけだやしゅぞう","501-0619","20","岐阜県揖斐郡揖斐川町三輪６１２-１","なし","35.4881171","136.5739492","t"
"0130","池田屋酒造（新潟）","いけだやしゅぞう","941-0065","14","新潟県糸魚川市新鉄１丁目３-４ ","なし","37.0437805","137.8566304","f"
"0131","池月酒造","いけづきしゅぞう","696-0501","31","島根県邑智郡邑南町阿須那１-３","なし","34.8697448","132.617053","t"
"0132","池原酒造所","いけはらしゅぞうしょ","907-0022","46","沖縄県石垣市字大川１７５番地 ","なし","24.3409826","124.160258","t"
"0133","池間酒造","いけましゅぞう","906-0005","46","沖縄県宮古島市平良字西原５７ ","なし","24.8305235","125.2951077","t"
"0134","池本酒造","いけもとしゅぞう","520-1621","24","滋賀県高島市今津町今津２２１ ","http://www.biwa-cho.com/","35.4030961","136.0318008","f"
"0135","生駒高原酒造","いこまたかはるしゅぞう","886-0004","44","宮崎県小林市大字細野３９９９ ","なし","31.9801218","130.9681107","f"
"0136","勲碧酒造","いさおへきしゅぞう","483-8128","22","愛知県江南市小折本町柳橋８８番地 ","http://www.kunpeki.co.jp/","35.3068995","136.8793452","t"
"0137","井坂酒造場","いさかしゅぞうじょう","596-0103","26","大阪府岸和田市稲葉町117 ","なし","34.43235","135.4381094","t"
"0138","井坂酒造店","いさかしゅぞうてん","311-0504","7","茨城県常陸太田市小中町１８７","なし","36.7530347","140.4853072","t"
"0139","井澤本家","いざわほんけ","675-1111","27","兵庫県加古郡稲美町印南８１８ ","http://www3.ocn.ne.jp/~izawa818/","34.747374","134.9454457","f"
"0140","石井産業","いしいさんぎょう","822-0113","39","福岡県宮若市金生２７９ ","なし","33.7205587","130.6245799","t"
"0141","石井酒造","いしいしゅぞう","340-0156","10","埼玉県幸手市南２-６-１１","http://www.ishii-syuzo.jp/","36.0688895","139.7097345","t"
"0142","石井醸造","いしいじょうぞう","258-0016","13","神奈川県足柄上郡大井町上大井９５４ ","http://www.ishiijozo.com","35.3205392","139.1673656","t"
"0143","石岡酒造","いしおかしゅぞう","315-0031","7","茨城県石岡市大字東大橋２９７２ ","http://www.ishiokashuzo.co.jp","36.1927291","140.3055121","f"
"0144","石上酒造","いしがみしゅぞう","288-0065","11","千葉県銚子市田中町７-１","http://www.isbc.co.jp","35.7329459","140.8426225","t"
"0145","石川酒造（静岡）","いしかわしゅぞう","437-1613","21","静岡県御前崎市合戸１３１９","なし","34.6546939","138.0835638","t"
"0146","石川酒造（三重）","いしかわしゅぞう","512-1211","23","三重県四日市市桜町１２９ ","なし","34.9946274","136.5397498","t"
"0147","石川酒造（東京）","いしかわしゅぞう","197-0003","12","東京都福生市熊川１番地 ","http://www.tamajiman.com/","35.7192529","139.3325911","t"
"0149","石川酒造場（愛媛）","いしかわしゅぞうじょう","792-0852","37","愛媛県新居浜市東田２-１７０４ ","なし","33.9406422","133.3184273","t"
"0148","石川酒造場（沖縄）","いしかわしゅぞうじょう","903-0103","46","沖縄県中頭郡西原町字小那覇１４３８-１","http://www.kamejikomi.com/","26.2338047","127.7795199","f"
"0150","石蔵酒造","いしくらしゅぞう","812-0043","39","福岡県福岡市博多区堅粕１-３０-１ ","http://www.ishikura-shuzou.co.jp/","33.5988875","130.417689","t"
"0151","石越醸造","いしこしじょうぞう","989-4701","3","宮城県登米市石越町北郷中沢１３１-２","なし","38.7615624","141.1844654","f"
"0152","石塚酒造","いしづかしゅぞう","945-1502","14","新潟県柏崎市高柳町岡野町１８２０-２","http://park23.wakwak.com/~kameguchi/","37.2256798","138.6381793","t"
"0153","石鎚酒造","いしづちしゅぞう","793-0073","37","愛媛県西条市氷見丙４０２-３","http://www.ishizuchi.co.jp","33.8912013","133.1308627","t"
"0154","石野商店","いしのしょうてん","299-3251","11","千葉県山武郡大網白里町大網６４９ ","なし","35.5274881","140.3227345","t"
"0155","石橋酒造","いしばししゅぞう","691-0001","31","島根県出雲市平田町８３１-１ ","なし","35.4376453","132.821613","t"
"0156","石橋徳治","いしばしとくじ","965-0851","6","福島県会津若松市御旗町３-１８","なし","37.4917583","139.9116421","t"
"0157","石原酒造場","いしはらしゅぞうじょう","704-8117","32","岡山県岡山市東区西大寺南２-１０-３２ ","なし","34.6511906","134.0322434","t"
"0158","石本酒造","いしもとしゅぞう","950-0116","14","新潟県新潟市東区北山８４７-１","なし","37.8908636","139.1013535","f"
"0159","出石酒造","いずししゅぞう","668-0215","27","兵庫県豊岡市出石町魚屋１１４-１","なし","35.4632767","134.8758866","t"
"0160","伊豆本店","いずほんてん","811-4152","39","福岡県宗像市武丸１０６０","http://www.kamenoo.com/","33.8053853","130.6117129","t"
"0161","泉金酒造","いずみきんしゅぞう","027-0501","2","岩手県下閉伊郡岩泉町岩泉字太田３０番地","http://www.ginga.or.jp/~senkin/","39.8467055","141.7908509","f"
"0162","泉酒造","いずみしゅぞう","658-0044","27","兵庫県神戸市東灘区御影塚町１-９-６ ","なし","34.7097454","135.2499371","t"
"0163","泉橋酒造","いずみばししゅぞう","243-0435","13","神奈川県海老名市下今泉５-５-１","http://www.izumibashi.com","35.4658596","139.3901781","t"
"0164","泉勇之介商店","いずみゆうのすけしょうてん","658-0044","27","兵庫県神戸市東灘区御影塚町１-２-７","http://www.nadaizumi.co.jp","34.709226","135.251151","f"
"0165","伊是名酒造所","いぜなしゅぞうしょ","905-0604","46","沖縄県島尻郡伊是名村字伊是名７３６ ","なし","26.9165475","127.9341071","t"
"0166","伊勢萬","いせまん","516-0025","23","三重県伊勢市宇治中之切町７７番-２","http://www.iseman.co.jp/","34.4622567","136.7233877","t"
"0167","伊勢屋商店","いせやしょうてん","441-8019","22","愛知県豊橋市花田町字斉藤４９","なし","34.7662411","137.376348","t"
"0168","磯崎酒造","いそざきしゅぞう","100-1401","12","東京都八丈町大賀郷400","http://shimazake.com/kuramoto/isozaki.html","33.100974","139.777339","t"
"0169","磯自慢酒造","いそじまんしゅぞう","425-0032","21","静岡県焼津市鰯ヶ島３０７ ","http://www.isojiman-sake.jp/","34.8578908","138.3227921","f"
"0170","磯酒造","いそしゅぞう","309-1635","7","茨城県笠間市稲田２２８１-１","http://isokura.jp/home.html","36.3678779","140.2141683","t"
"0171","磯千鳥酒造","いそちどりしゅぞう","719-0302","32","岡山県浅口郡里庄町大字新庄３０６ ","http://www.isochidori.co.jp","34.5069464","133.5426611","t"
"0172","いそのさわ","いそのさわ","839-1404","39","福岡県うきは市浮羽町西隈上１-２","http://www.isonosawa.jp/","33.3341326","130.7910848","f"
"0173","板岡酒造場","いたおかしゅぞうじょう","731-0532","33","広島県安芸高田市吉田町上入江２５","なし","34.6302171","132.6381029","t"
"0174","板倉酒造","いたくらしゅぞう","693-0021","31","島根県出雲市塩冶町468 ","なし","35.3507146","132.7468994","t"
"0175","井田酒造","いだしゅぞう","370-1133","9","群馬県佐波郡玉村町大字上新田１６２６","なし","36.3038211","139.1081532","t"
"0176","板野酒造場","いたのしゅぞうじょう","701-1211","32","岡山県岡山市北区一宮３５","http://www.ginpoo.co.jp","34.678784","133.871233","t"
"0177","板野酒造本店","いたのしゅぞうほんてん","701-1462","32","岡山県岡山市北区大井２２７２","http://www10.ocn.ne.jp/~futamo/","34.7395712","133.8017721","t"
"0178","伊丹老松酒造","いたみおいまつしゅぞう","664-0846","27","兵庫県伊丹市伊丹３-１-５３","なし","34.7794012","135.4183454","t"
"0179","市島酒造","いちしましゅぞう","957-0055","14","新潟県新発田市諏訪町３丁目１番１７号 ","http://www.ichishima.jp/","37.9436922","139.3311867","f"
"0180","一ノ蔵","いちのくら","987-1393","3","宮城県大崎市松山千石字大欅14番地","http://www.ichinokura.co.jp","38.5019953","141.048708","f"
"0181","一宮酒造","いちのみやしゅぞう","694-0064","31","島根県大田市大田町大田ハ２７１-２ ","http://www.ichinomiya-s.jp/","35.194709","132.5065898","t"
"0182","市野屋商店","いちのやしょうてん","398-0002","19","長野県大町市大字大町２５２７-イ","http://www.ichinoya.com/","36.5059898","137.8591852","t"
"0183","一〇酒造","いちまるしゅぞう","758-0021","34","山口県萩市大字今古萩町５４ ","なし","34.4149539","131.4015429","t"
"0184","一本義久保本店","いっぽんぎくぼほんてん","911-8585","17","福井県勝山市沢町１-３-１ ","http://www.ippongi.co.jp","36.0631614","136.5002035","f"
"0185","井手酒造","いでしゅぞう","843-0301","40","佐賀県嬉野市嬉野町下宿乙８０６-１","http://www.toranoko.co.jp/","33.0970521","129.9865285","t"
"0186","井出醸造店","いでじょうぞうてん","401-0301","18","山梨県南都留郡富士河口湖町船津８","http://www.kainokaiun.jp/","35.5020634","138.7656577","t"
"0188","伊藤酒造（岐阜）","いとうしゅぞう","505-0130","20","岐阜県可児市兼山７５９-２","なし","35.45976","137.0956788","t"
"0189","伊東酒造","いとうしゅぞう","392-0004","19","長野県諏訪市諏訪2-3-6","http://www.yokobue.co.jp/","36.0414749","138.1205865","t"
"0190","伊藤酒造（福井）","いとうしゅぞう","910-3113","17","福井県福井市江上町４４-６５","http://www.koshinotaka.com","36.1269222","136.1708856","t"
"0187","伊藤酒造（三重）","いとうしゅぞう","512-1211","23","三重県四日市市桜町１１０","http://www.cty-net.ne.jp/~bisyu","34.9935775","136.5385416","f"
"0191","伊藤酒造場","いとうしゅぞうじょう","859-1104","41","長崎県雲仙市吾妻町古城名２４１ ","なし","32.8430048","130.1966716","t"
"0192","稲垣酒造場　稲垣順一郎","いながきしゅぞうじょういながきじゅんいちろう","510-8103","23","三重県三重郡朝日町大字柿２１７４","なし","35.0346096","136.6597635","t"
"0193","稲川酒造店","いながわしゅぞうてん","969-3122","6","福島県耶麻郡猪苗代町字新町４９１６","http://www.sake-inagawa.com/","37.5642982","140.1077543","t"
"0194","稲田酒造","いなだしゅぞう","632-0015","28","奈良県天理市三島町３７９ ","なし","34.6007826","135.837645","t"
"0195","稲田本店","いなだほんてん","683-0851","30","鳥取県米子市夜見町３２５-１６ ","http://www.inata.co.jp/","35.4573964","133.2911664","f"
"0196","稲葉一敏","いなばかずとし","300-4353","7","茨城県つくば市沼田１４８５ ","http://www.minanogawa.jp","36.2064556","140.0872263","t"
"0197","稲見酒造","いなみしゅぞう","673-0414","27","兵庫県三木市芝町２-２９","http://www.aoitsuru.co.jp/","34.8011824","134.9915689","t"
"0198","井波酒造","いなみしゅぞう","916-0026","17","福井県鯖江市本町２-２-１７ ","なし","35.9456798","136.1849217","t"
"0199","稲森酒造","いなもりしゅぞう","515-3531","23","三重県津市美杉町奥津１１００","http://www.zb.ztv.ne.jp/htf-iwata243120/file10inamorisyuzou.htm","34.5120631","136.2618893","t"
"0200","稲花酒造","いねはなしゅぞう","299-4303","11","千葉県長生郡一宮町東浪見５８４１","なし","35.3608274","140.372698","t"
"0201","井上","いのうえ","830-1214","39","福岡県三井郡大刀洗町大字栄田１０６７-２","なし","33.3743555","130.632107","f"
"0204","井上酒造（奈良）","いのうえしゅぞう","693-0264","28","奈良県香芝市今泉７１５ ","なし","34.5596955","135.6965727","t"
"0205","井上酒造（神奈川）","いのうえしゅぞう","258-0016","13","神奈川県足柄上郡大井町上大井５５２ ","なし","35.3222778","139.1609106","t"
"0203","井上酒造（大分）","いのうえしゅぞう","877-1107","43","大分県日田市大字大肥２２２０-１","http://kakunoi.com/","33.3610988","130.8794377","f"
"0202","井上酒造（宮崎）","いのうえしゅぞう","889-3214","44","宮崎県日南市南郷町榎原１３２６","http://www.obisugi.co.jp/","31.5544608","131.2965711","f"
"0206","井上清吉商店","いのうえせいきちしょうてん","329-1102","8","栃木県宇都宮市白沢町１９０１-１","なし","36.6350272","139.9431147","t"
"0207","伊能酒造店","いのうしゅぞうてん","311-3423","7","茨城県小美玉市小川１４７２","なし","36.1747452","140.358378","t"
"0208","猪又酒造","いのまたしゅぞう","941-0022","14","新潟県糸魚川市新町７１-１ ","なし","37.0363771","137.9287343","t"
"0209","茨木酒造","いばらきしゅぞう","674-0084","27","兵庫県明石市魚住町西岡１３７７","http://www.rairaku.com","34.6898126","134.8969398","t"
"0210","指宿酒造協業組合","いぶすきしゅぞうきょうぎょうくみあい","891-0312","45","鹿児島県指宿市池田６１７３-１ ","http://www.riemon.com/","31.257763","130.5520707","f"
"0211","伊平屋酒造所","いへやしゅぞうしょ","905-0703","46","沖縄県島尻郡伊平屋村字我喜屋２１３１-４０","なし","27.0320274","127.9595556","t"
"0212","今井酒造店（群馬）","いまいしゅぞうてん","373-0062","9","群馬県太田市鳥山中町７４６-２","http://www.nihonsyu.org","36.3148274","139.3479806","t"
"0213","今井酒造店（長野）","いまいしゅぞうてん","381-0017","19","長野県長野市小島６２","http://www.wakamidori.com","36.659111","138.250134","t"
"0214","今里酒造","いまざとしゅぞう","859-3715","41","長崎県東彼杵郡波佐見町宿郷５９６ ","http://www.64sake.com","33.1364707","129.89639","t"
"0215","今田酒造本店","いまだしゅぞうほんてん","739-2402","33","広島県東広島市 安芸津町三津3734","http://fukucho.info/","34.3199822","132.8198322","f"
"0216","今津酒造","いまづしゅぞう","663-8229","27","兵庫県西宮市会津社前町５-２２ ","なし","34.7375965","135.3415643","t"
"0217","今西酒造","いまにししゅぞう","633-0001","28","奈良県桜井市大字三輪５１０ ","なし","34.5255273","135.847007","t"
"0218","今西清兵衛商店","いまにしせいべえしょうてん","630-8381","28","奈良県奈良市福智院町２４-１ ","http://www.harushika.com/","34.6769633","135.8340367","f"
"0219","今村酒造（愛媛）","いまむらしゅぞう","799-0121","37","愛媛県四国中央市上分町７４２-２","なし","33.991378","133.590818","t"
"0220","今村酒造（三重）","いまむらしゅぞう","514-0324","23","三重県津市香良洲町２６３番地 ","なし","34.6530852","136.5331814","t"
"0221","今代司酒造","いまよつかさしゅぞう","950-0074","14","新潟県新潟市中央区鏡が岡１-１","http://www.imayotsukasa.com","37.9158462","139.0715046","f"
"0222","入江豊三郎本店","いりえとよさぶろうほんてん","720-0201","33","広島県福山市鞆町鞆５３４","http://www.iriehonten.jp/","34.3844068","133.3835079","t"
"0223","入波平酒造","いりなみへいしゅぞう","907-1801","46","沖縄県八重山郡与那国町字与那国１５８-１","なし","24.4694739","123.0034533","t"
"0224","磐乃井酒造","いわおさむいしゅぞう","029-3205","2","岩手県一関市花泉町涌津字舘７２","http://iwanoi.co.jp/","38.818495","141.1912796","t"
"0225","岩川醸造","いわかわじょうぞう","899-8102","45","鹿児島県曽於市大隅町岩川６５５７-６ ","なし","31.593889","130.9972217","f"
"0226","岩倉酒造場","いわくらしゅぞうじょう","881-0115","44","宮崎県西都市大字下三財８０１９-２ ","なし","32.0673267","131.3496829","f"
"0227","岩崎酒造","いわさきしゅぞう","758-0047","34","山口県萩市大字東田町５８ ","http://www.fukumusume.jp/","34.4117819","131.4019819","f"
"0228","岩瀬酒造","いわせしゅぞう","299-5102","11","千葉県夷隅郡御宿町久保１９１６","http://www.iwanoi.com/","35.19215","140.3559863","t"
"0229","岩手川","いわてがわ","020-0861","2","岩手県盛岡市仙北１-１５-９ ","なし","39.690096","141.1513233","t"
"0230","岩手銘醸","いわてめいじょう","029-4208","2","岩手県奥州市前沢区字新町１３","http://www.iwatemeijo.co.jp/","39.0536685","141.1224985","t"
"0231","岩波酒造","いわなみしゅぞう","390-0221","19","長野県松本市大字里山辺５１５９ ","http://www.mcci.or.jp/www/iwanami/","36.2237883","137.996757","f"
"0232","岩村醸造","いわむらじょうぞう","509-7403","20","岐阜県恵那市岩村町３４２番地","http://www.torokko.co.jp","35.3640733","137.4429752","t"
"0233","岩本酒造","いわもとしゅぞう","426-0044","21","静岡県藤枝市大東町５４０ ","なし","34.8290497","138.2695885","t"
"0234","上杉酒造","うえすぎしゅぞう","731-1503","33","広島県山県郡北広島町有間９６３-２","なし","34.6912336","132.5190585","f"
"0235","植園酒造","うえそのしゅぞう","895-1807","45","鹿児島県薩摩郡さつま町平川１３９７-１ ","なし","31.9329892","130.4196907","f"
"0236","上田酒造","うえだしゅぞう","630-0222","28","奈良県生駒市一分町８６６","なし","34.6919598","135.7005364","t"
"0237","上田本家","うえだほんけ","979-1521","6","福島県双葉郡浪江町権現堂字新町１５","なし","37.492416","140.9936683","t"
"0238","魚沼酒造","うおぬましゅぞう","949-8614","14","新潟県十日町市中条丙１２７６-２ ","http://www4.ocn.ne.jp/~tenjinkk/","37.150707","138.773972","t"
"0239","宇佐酒類","うさしゅるい","872-0001","43","大分県大分県宇佐市大字長洲３６９２-１","なし","33.5709902","131.372514","t"
"0240","薄井商店","うすいしょうてん","398-0002","19","長野県大町市大町２５１２-１","http://www.hakubanishiki.co.jp/","36.5073924","137.8596296","f"
"0241","内ヶ崎酒造店","うちがさきしゅぞうてん","981-3311","3","宮城県黒川郡富谷町富谷字町２７","http://www.uchigasaki.com","38.3991507","140.8871029","f"
"0242","打田酒造","うちたしゅぞう","669-3572","27","兵庫県丹波市氷上町谷村５２０","なし","35.1451755","135.0232302","t"
"0243","宇都野商店","うつのしょうてん","899-0205","45","鹿児島県出水市本町１０-３９ ","なし","32.0805396","130.3579445","t"
"0244","宇都宮酒造（愛媛）","うつのみやしゅぞう","797-0015","37","愛媛県西予市宇和町卯之町４-２５４-１","なし","33.3609956","132.5192001","t"
"0245","宇都宮酒造（栃木）","うつのみやしゅぞう","321-0902","8","栃木県宇都宮市柳田町２４８","http://www.shikisakura.co.jp","36.559848","139.9562415","f"
"0246","腕相撲酒造","うでずもうしゅぞう","406-0804","18","山梨県笛吹市御坂町夏目原１３７４","http://www.udezumou.co.jp/","35.6299907","138.6614845","t"
"0247","宇都酒造","うとしゅぞう","897-1125","45","鹿児島県南さつま市加世田益山２４３１ ","なし","31.4433889","130.3137433","f"
"0248","宇野酒造場","うのしゅぞうじょう","912-0025","17","福井県大野市本町３-４","http://www.itinotani.co.jp/","35.9869409","136.4881859","t"
"0249","宇野本家","うのほんけ","524-0022","24","滋賀県守山市守山町１-１０-２","なし","35.0618561","135.9838248","f"
"0250","海野酒造","うみのしゅぞう","515-3133","23","三重県津市白山町南家城１０７４-１","なし","34.6230632","136.3166128","t"
"0251","梅一輪酒造","うめいちりんしゅぞう","289-1303","11","千葉県山武市松ケ谷イ２９０２ ","なし","35.5843599","140.4679798","t"
"0252","梅ヶ枝酒造","うめがえしゅぞう","859-3237","41","長崎県佐世保市城間町３１７","http://www.umegae-shuzo.com/","33.0898956","129.8146395","f"
"0253","梅ケ谷酒造","うめがたにしゅぞう","820-0302","39","福岡県嘉麻市大隈町３４６","なし","33.5490987","130.741383","t"
"0254","梅田酒造場","うめだしゅぞうじょう","736-0081","33","広島県広島市安芸区船越６-３-８","http://www.honshu-ichi.com/","34.3755834","132.5297641","t"
"0255","梅津酒造","うめつしゅぞう","689-2223","30","鳥取県東伯郡北栄町大谷1350 ","http://www.toriton.or.jp/~sake/","35.4987008","133.7327239","t"
"0256","梅錦山川","うめにしきやまかわ","799-0194","37","愛媛県四国中央市金田町金川１４ ","http://www.umenishiki.com/","33.988527","133.595161","f"
"0257","梅乃宿酒造","うめのやどしゅぞう","639-2102","28","奈良県葛城市東室２７ ","http://www.umenoyado.com/","34.4937572","135.7301597","f"
"0258","梅美人酒造","うめびじんしゅぞう","796-0051","37","愛媛県八幡浜市幸町１５５７-２","http://www.ume-bijin.co.jp","33.4632229","132.4252805","t"
"0259","浦川酒造","うらかわしゅぞう","859-2202","41","長崎県南島原市有家町山川１１２３ ","http://www.sake-ikkaku.co.jp/index.html","32.6707152","130.3008021","t"
"0260","浦里酒造店","うらざとしゅぞうてん","300-2617","7","茨城県つくば市吉沼９８２","http://www.kiritsukuba.co.jp","36.145783","140.0168374","t"
"0261","浦酒造","うらしゅぞう","839-0252","39","福岡県柳川市大和町栄１３４７","なし","33.1204941","130.4246995","t"
"0262","浦野","うらの","470-0373","22","愛知県豊田市四郷町下古屋４８ ","なし","35.1266425","137.1644573","t"
"0263","漆戸醸造","うるしどじょうぞう","396-0026","19","長野県伊那市西町４８７５-１ ","http://www.urushido.co.jp","35.837827","137.9587405","t"
"0264","雲海酒造","うんかいしゅぞう","880-0833","44","宮崎県宮崎市昭栄町４５番地１","http://www.unkai.co.jp","31.9104019","131.4529438","f"
"0265","江井ヶ嶋酒造","えいがしましゅぞう","674-0065","27","兵庫県明石市大久保町西島919","http://www.ei-sake.jp","34.6807745","134.905564","f"
"0266","英君酒造","えいくんしゅぞう","421-3101","21","静岡県静岡市清水区由比入山２１５２","http://eikun.fc2web.com/","35.1294303","138.556327","f"
"0267","栄光酒造","えいこうしゅぞう","791-0101","37","愛媛県松山市溝辺町甲４４３ ","http://www.eikoo.com","33.8463273","132.8068654","f"
"0268","永昌源","えいしょうげん","141-0031","12","東京都品川区西五反田 2丁目11-17","http://www.eishogen.co.jp/","35.6273042","139.719678","t"
"0269","榮川酒造","えいせんしゅぞう","969-3302","6","福島県耶麻郡磐梯町大字更科字中曽根平6841-11","http://www.eisen.jp","37.5758313","140.0177955","f"
"0270","エイリン酒造","えいりんしゅぞう","839-1233","39","福岡県久留米市田主丸町田主丸１１６２-１","なし","33.3395904","130.6953468","t"
"0271","榮川酒造","えがわしゅぞう","969-4406","6","福島県耶麻郡西会津町野沢字本町甲１１８４","なし","37.5837957","139.6514251","f"
"0272","栄川酒造店","えがわしゅぞうてん","969-3122","6","福島県耶麻郡猪苗代町字本町１０","なし","37.561568","140.1077184","t"
"0273","柄商店","えしょうてん","739-2402","33","広島県東広島市安芸津町三津３７０３-１","なし","34.3191879","132.8193795","t"
"0274","枝梅酒造","えだうめしゅぞう","840-0854","40","佐賀県佐賀市八戸１-２-３２ ","なし","33.2476772","130.2780989","t"
"0275","江田島銘醸","えたじまめいじょう","737-2122","33","広島県江田島市江田島町中央２-２７-１ ","http://www.doukinosakura.jp/","34.2472468","132.4787124","f"
"0276","越後桜酒造","えちござくらしゅぞう","959-2005","14","新潟県阿賀野市山口町１-７-１３","http://www.nihonsakura.co.jp/","37.8406583","139.2149145","t"
"0277","越後酒造場","えちごしゅぞうじょう","950-3321","14","新潟県新潟市北区葛塚３３０６-１","http://www.echigoshuzojo.co.jp","37.9146851","139.2199633","t"
"0278","越後伝衛門","えちごでんえもん","950-3306","14","新潟県新潟県新潟市北区内島見１０１-１ "," http://www.denemon.com","37.9406489","139.2024332","t"
"0279","越前酒造","えちぜんしゅぞう","919-0749","17","福井県あわら市北５-８６","なし","36.1987633","136.2705439","t"
"0280","恵那醸造","えなじょうぞう","508-0203","20","岐阜県中津川市福岡２９９２-１","http://www.kujiranami.jp","35.5965638","137.4075178","t"
"0281","榎酒造","えのきしゅぞう","737-1205","33","広島県呉市音戸町南隠渡二丁目1番15号","http://www.hanahato.co.jp","34.1896606","132.5314194","f"
"0282","江原酒造本店","えばらしゅぞうほんてん","689-2301","30","鳥取県東伯郡琴浦町八橋１４００","なし","35.5044281","133.6785351","t"
"0283","ゑびす酒造","えびすしゅぞう","838-1506","39","福岡県朝倉市杷木林田６８０-３","http://www.ranbiki.com","33.3591867","130.8185955","t"
"0284","笑四季酒造","えみしきしゅぞう","528-0031","24","滋賀県甲賀市水口町本町１-７-８","http://www.emishiki.com/","34.9678723","136.1774525","t"
"0285","江本商店","えもとしょうてん","872-0001","43","大分県宇佐市大字長洲３６９ ","なし","33.5688626","131.3717085","t"
"0286","遠藤酒造場","えんどうしゅぞうじょう","712-8012","32","岡山県倉敷市連島町西之浦２７８７ ","なし","34.5522525","133.7111125","t"
"0287","遠藤酒造場","えんどうしゅぞうじょう","701-2604","32","岡山県美作市福本６１０","なし","34.9352794","134.1229435","t"
"0288","遠藤酒造場","えんどうしゅぞうじょう","382-0086","19","長野県須坂市大字須坂29","http://www.keiryu.jp","36.653476","138.314446","t"
"0289","老田酒造店","おいだしゅぞうてん","506-0101","20","岐阜県高山市清見町牧ヶ洞字梨洞口1928","http://www.onikorosi.com/","36.1340262","137.1662153","f"
"0290","老松酒造（鹿児島）","おいまつしゅぞう","899-7301","45","鹿児島県曽於郡大崎町菱田１２７０ ","http://www.osumi.or.jp/oimatsu","31.4435469","131.0426215","f"
"0291","老松酒造（大分）","おいまつしゅぞう","877-1107","43","大分県日田市大字大肥２９１２","http://www.oimatsu.com/","33.3545162","130.8802071","f"
"0292","老松酒造（兵庫）","おいまつしゅぞう","671-2577","27","兵庫県宍粟市山崎町山崎１２ ","http://www.mbird.ne.jp/oimatu-s/","35.0058196","134.5377225","t"
"0293","黄金酒造","おうごんしゅぞう","899-4462","45","鹿児島県霧島市国分敷根２８０４ ","なし","31.7001056","130.7992483","f"
"0294","王手門酒造","おうてかどしゅぞう","889-2531","44","宮崎県日南市北郷町大藤甲898-8","http://www.ohtemon.jp/","31.670898","131.375223","f"
"0295","近江酒造","おうみしゅぞう","527-0022","24","滋賀県東近江市八日市上之町９-１６ ","http://www.shigasakari.com/","35.1115142","136.204979","t"
"0296","王祿酒造","おうろくしゅぞう","699-0101","31","島根県八束郡東出雲町大字揖屋町４８４ ","なし","35.427901","133.1427901","t"
"0298","大石酒造（京都）","おおいししゅぞう","621-0033","25","京都府亀岡市稗田野町佐伯字垣内亦１３ ","http://www.okinazuru.co.jp","35.0134082","135.5736091","t"
"0297","大石酒造（鹿児島）","おおいししゅぞう","899-1625","45","鹿児島県阿久根市波留１６７６ ","http://www.oishishuzo.co.jp/top.html","32.0152918","130.202195","f"
"0299","大石酒造場","おおいししゅぞうじょう","868-0701","42","熊本県球磨郡水上村岩野１０５３ ","なし","32.2965432","130.9881817","f"
"0300","大分銘醸","おおいためいじょう","872-0522","43","大分県宇佐市安心院町折敷田204-3","http://www.oitameijyo.co.jp","33.436664","131.349526","f"
"0301","大岩酒造本店","おおいわしゅぞうほんてん","689-4401","30","鳥取県日野郡江府町江尾１８７２ ","なし","35.2840175","133.4864698","t"
"0302","大内酒造場","おおうちしゅぞうじょう","714-0032","32","岡山県笠岡市西大島７４９６","http://homepage1.nifty.com/ohuchi/","34.466743","133.5349653","t"
"0303","大内山酒造","おおうちやましゅぞう","737-0051","33","広島県呉市中央７-６-１０ ","なし","34.252787","132.569068","t"
"0304","大浦酒造","おおうらしゅぞう","885-0021","44","宮崎県都城市平江町２-８ ","なし","31.7324226","131.0676179","f"
"0305","大賀酒造","おおがしゅぞう","818-0051","39","福岡県筑紫野市二日市中央４-９-１","http://www.ogashuzo.com/","33.4994977","130.5180931","t"
"0306","大木代吉本店","おおきだいきちほんてん","969-0213","6","福島県西白河郡矢吹町本町９","なし","37.2060297","140.3271371","f"
"0307","大口酒造協業組合","おおくちしゅぞうきょうぎょうくみあい","895-2506","45","鹿児島県伊佐市大口原田６４３ ","http://www.isanishiki.com","32.0505483","130.6217848","f"
"0308","大國酒造","おおくにしゅぞう","399-4431","19","長野県伊那市西春近２１６１-１","http://www.ookuni.com","35.8259005","137.948789","t"
"0309","太久保酒造","おおくぼしゅぞう","899-7603","45","鹿児島県志布志市松山町尾野見1319-83","http://ookuboshuzo.com/","31.540761","131.111655","f"
"0310","大久保酒造店","おおくぼしゅぞうてん","400-0511","18","山梨県南巨摩郡富士川町大久保３４１ ","なし","35.5643607","138.4483011","t"
"0311","大熊酒造","おおくましゅぞう","673-1461","27","兵庫県加東市木梨１４６-１","なし","34.9244311","134.9798419","t"
"0312","大隈酒造場","おおくましゅぞうじょう","849-0505","40","佐賀県杵島郡江北町下小田９８５番地","なし","33.2102266","130.1421956","t"
"0313","大倉本家","おおくらほんけ","639-0227","28","奈良県香芝市鎌田６９２","http://www.kinko-ookura.com/","34.5233698","135.7117078","t"
"0314","大里酒造","おおざとしゅぞう","820-0304","39","福岡県嘉麻市大隈５５１","なし","33.5374252","130.7564661","t"
"0315","大澤酒造（兵庫）","おおさわしゅぞう","662-0922","27","兵庫県西宮市東町１丁目１３-２８","http://ohsawasyuzo.com","34.7250363","135.3420895","t"
"0316","大澤酒造（長野）","おおさわしゅぞう","384-2206","19","長野県佐久市茂田井２２０６","なし","36.2737619","138.3376732","t"
"0317","大島酒造（兵庫）","おおしましゅぞう","675-1334","27","兵庫県小野市大島町２８-１ ","なし","34.8365504","134.92561","t"
"0318","大島酒造（岡山）","おおしましゅぞう","719-2121","32","岡山県高梁市川面町９０４-２ ","なし","34.8485485","133.5987306","t"
"0319","大島食糧","おおしましょくりょう","894-0034","45","鹿児島県奄美市名瀬小浜町２５-２ ","なし","28.3863834","129.5014342","f"
"0320","大隅酒造","おおすみしゅぞう","899-8422","45","鹿児島県曽於市大隅町坂元８６０-１","なし","31.6601143","130.8763013","f"
"0321","大関","おおぜき","663-8227","27","兵庫県西宮市今津出在家町４-９ ","http://www.ozeki.co.jp","34.7256615","135.3513832","f"
"0322","大瀧酒造","おおたきしゅぞう","337-0021","10","埼玉県さいたま市見沼区 膝子６６３番地"," http://members2.jcom.home.ne.jp/ootaki_shuzou/","35.9246609","139.6854212","t"
"0323","太田酒造（兵庫）","おおたしゅぞう","658-0022","27","兵庫県神戸市東灘区深江南町 2-1-7","なし","34.720228","135.2996796","t"
"0324","大田酒造","おおたしゅぞう","518-0121","23","三重県伊賀市上之庄１３６５-１ ","http://www.hanzo-sake.com","34.7287746","136.1226816","t"
"0325","太田酒造（滋賀）","おおたしゅぞう","525-0034","24","滋賀県草津市草津3丁目10-37","http://www.ohta-shuzou.co.jp/","35.0151143","135.9585027","f"
"0326","太田酒造場（長崎）","おおたしゅぞうじょう","859-1323","41","長崎県雲仙市国見町多比良丙８１１ ","なし","32.8601205","130.2992512","t"
"0327","太田酒造場（鳥取）","おおたしゅぞうじょう","680-0701","30","鳥取県八頭郡若桜町若桜１２２３-２ ","http://www1.ocn.ne.jp/~bentenmu/","35.3455886","134.3954724","t"
"0328","大谷酒造","おおたにしゅぞう","689-2352","30","鳥取県東伯郡琴浦町浦安368 ","http://www.takaisami.co.jp","35.4932093","133.6917564","t"
"0329","大谷醸造","おおたにじょうぞう","961-0014","6","福島県白河市大字借宿字株木５９","なし","37.1207957","140.295636","t"
"0330","大谷忠吉本店","おおたにちゅうきちほんてん","961-0905","6","福島県白河市字本町５４","http://www.hakuyou.co.jp","37.1264344","140.2170033","t"
"0331","太田銘醸","おおためいじょう","313-0222","7","茨城県常陸太田市松平町１０７４","なし","36.5876059","140.487013","t"
"0332","大塚酒造（岐阜）","おおつかしゅぞう","503-2424","20","岐阜県揖斐郡池田町池野４２２","なし","35.433982","136.5745761","t"
"0333","大塚酒造（茨城）","おおつかしゅぞう","306-0631","7","茨城県坂東市岩井3351-1","なし","36.0505242","139.8856789","t"
"0334","大塚酒造（長野）","おおつかしゅぞう","384-0031","19","長野県小諸市大手２-１-２４ ","なし","36.3285939","138.4238608","t"
"0335","大槻　昭","おおつきあきら","669-4302","27","兵庫県丹波市市島町中竹田９０８-１","なし","35.2394973","135.1276116","t"
"0336","大津酒造","おおつしゅぞう","869-2301","42","熊本県阿蘇市内牧４８","http://www.ohtsu-syuzou.co.jp/","32.9773891","131.0460589","t"
"0337","大津酒類醸造","おおつしゅるいじょうぞう","759-4503","34","山口県長門市油谷新別名９８ ","なし","34.3757585","131.0664403","t"
"0338","大坪酒造","おおつぼしゅぞう","835-0024","39","福岡県みやま市瀬高町下庄１３０８","なし","33.1593273","130.4723982","f"
"0339","大坪酒造店","おおつぼしゅぞうてん","506-1162","20","岐阜県飛騨市神岡町朝浦５５７","なし","36.3301809","137.2994349","t"
"0340","大利根酒造","おおとねしゅぞう","378-0121","9","群馬県沼田市白沢町高平１３０６-２","http://www6.wind.ne.jp/sadaijin/","36.663784","139.1401822","t"
"0341","オードヴィ庄内","おーどぶぃしょうない","998-0112","5","山形県酒田市大字浜中乙１２３ ","http://www.net.sfsi.co.jp/kiyoizumigawa/","38.8286286","139.7789595","f"
"0342","大西酒造","おおにししゅぞう","675-1116","27","兵庫県加古郡稲美町蛸草３１６-１","なし","34.7533094","134.9335909","t"
"0343","大沼酒造店","おおぬましゅぞうてん","989-1300","3","宮城県柴田郡村田町大字村田字町５６-１","なし","38.1189673","140.7256451","t"
"0344","大野酒造","おおのしゅぞう","712-8001","32","岡山県倉敷市連島町西之浦３８２１ ","http://www.optic.or.jp/com/ohnoshuzo/ohnoshuzo.html","34.5494305","133.7227336","t"
"0345","大橋酒造","おおはししゅぞう","509-8301","20","岐阜県中津川市蛭川１１１９-１-１-２","http://k-tsuru.com","35.529608","137.3764318","f"
"0346","大平酒造","おおひらしゅぞう","329-4406","8","栃木県栃木市大平町下皆川７４７","なし","36.3573605","139.7075794","t"
"0347","大美酒造","おおみしゅぞう","717-0505","32","岡山県真庭市蒜山上長田1989 ","なし","35.2909569","133.7211847","t"
"0348","大嶺酒造","おおみねしゅぞう","759-2214","34","山口県美祢市大嶺町奥分２５０５ ","なし","34.178947","131.1663583","t"
"0349","大村屋酒造場","おおむらやしゅぞうじょう","427-0022","21","静岡県島田市本通1丁目1-8 ","なし","34.8329862","138.1734691","f"
"0350","大矢孝酒造","おおやこうしゅぞう","243-0306","13","神奈川県愛甲郡愛川町田代５２１ ","http://www.hourai.jp/","35.5276761","139.290511","t"
"0351","大山酒造","おおやましゅぞう","895-2811","45","鹿児島県伊佐市菱刈荒田３４７６ ","http://isadaisen.web.fc2.com/","31.9929954","130.6310284","f"
"0352","大山甚七商店","おおやまじんしちしょうてん","891-0311","45","鹿児島県指宿市西方４６５７番地 ","なし","31.2760928","130.6205957","f"
"0353","岡崎酒造（岡山）","おかざきしゅぞう","704-8138","32","岡山県岡山市東区神崎町２１６８ ","http://www.suho.com/shop/okazaki/","34.6267262","134.0513778","t"
"0354","岡崎酒造（長野）","おかざきしゅぞう","386-0012","19","長野県上田市中央４-７-３３ ","http://www.ueda.ne.jp/~okazaki/","36.4056056","138.25283","t"
"0355","岡崎酒造場","おかざきしゅぞうじょう","758-0100","34","山口県萩市川上４６４－１","http://www.e-hagi.jp/~chomonkyo/","34.362985","131.441256","t"
"0356","小笠原亥巳子","おがさわらいみご","447-0814","22","愛知県碧南市弥生町４-２１","なし","34.8684384","136.9876377","t"
"0357","岡酒造","おかしゅぞう","790-0813","37","愛媛県松山市萱町５-１０-２ ","なし","33.8505336","132.7568871","f"
"0358","岡田酒造","おかだしゅぞう","761-2402","36","香川県丸亀市綾歌町岡田下４９９-１ ","なし","34.2232891","133.8605411","t"
"0359","岡田酒造","おかだしゅぞう","426-0008","21","静岡県藤枝市鬼島３２０","なし","34.8860123","138.2809086","t"
"0360","緒方酒造","おがたしゅぞう","797-1212","37","愛媛県西予市野村町野村１２-１７","なし","33.3776978","132.6450405","t"
"0361","岡田酒造店","おかだしゅぞうてん","301-0011","7","茨城県龍ヶ崎市横町４２２８ ","なし","35.9080499","140.1877503","t"
"0362","岡田本家","おかだほんけ","675-0017","27","兵庫県加古川市野口町良野１０２１","なし","34.7532256","134.8431468","t"
"0363","オガタマ酒造","おがたましゅぞう","895-0005","45","鹿児島県薩摩川内市永利町２０８８ ","なし","31.8117597","130.3339227","f"
"0364","岡田屋本店","おかだやほんてん","698-0011","31","島根県益田市染羽町５-７ ","なし","34.6789144","131.8656433","t"
"0365","岡野酒造","おかのしゅぞう","633-1301","28","奈良県宇陀郡御杖村大字神末１２７４","なし","34.4933394","136.194679","t"
"0366","岡野隆治","おかのたかじ","620-0917","25","京都府福知山市野花１ ","なし","35.3338563","135.0839693","t"
"0367","岡部","おかべ","313-0038","7","茨城県常陸太田市小沢町２３３５ ","http://www.matsuzakari.co.jp","36.5235017","140.5412687","t"
"0368","岡部銘醸","おかべめいじょう","712-8041","32","岡山県倉敷市福田町福田７７０-３ ","なし","34.5451208","133.7689355","t"
"0369","岡村","おかむら","370-0805","9","群馬県高崎市台町５","なし","36.3331526","138.9996266","t"
"0370","岡村酒造場","おかむらしゅぞうじょう","669-1412","27","兵庫県三田市木器３４０ ","http://www.eonet.ne.jp/~okamura-sake/","34.9316826","135.277005","t"
"0371","岡村本家","おかむらほんけ","529-1165","24","滋賀県犬上郡豊郷町大字吉田１００","http://kin-kame.co.jp/","35.1859668","136.2320432","t"
"0372","岡本亀太郎本店","おかもとかめたろうほんてん","720-0201","33","広島県福山市鞆町鞆９２７-１","http://www.honke-houmeishu.com","34.3833208","133.3798639","t"
"0373","岡本本家","おかもとほんけ","638-0821","28","奈良県吉野郡大淀町大字下渕２３０","なし","34.381854","135.7868134","t"
"0374","小川本家","おがわほんけ","510-0306","23","三重県津市河芸町一色１４２５ ","なし","34.7792126","136.5422506","t"
"0375","沖酒造","おきしゅぞう","891-9111","45","鹿児島県大島郡和泊町手々知名５９８ ","なし","27.3971505","128.6566275","t"
"0376","隠岐酒造","おきしゅぞう","685-0027","31","島根県隠岐郡隠岐の島町原田１７４ ","http://fish.miracle.ne.jp/okishzou/","36.2247166","133.299719","f"
"0377","翁酒造","おきなしゅぞう","811-3111","39","福岡県古賀市花見南３丁目１９番１号","http://www.seagreen.gr.jp/okina/","33.7434376","130.4657816","t"
"0378","オキナ酒造","おきなしゅぞう","583-0854","26","大阪府羽曳野市軽里３-６-５","なし","34.5526548","135.6009986","t"
"0379","沖縄県酒造協同組合","おきなわけんしゅぞうきょうどうくみあい","900-0001","46","沖縄県那覇市港町２-８-９ ","http://www.awamori.or.jp/","26.2429649","127.6786852","t"
"0380","沖永良部酒造","おきのえらぶしゅぞう","891-9112","45","鹿児島県大島郡和泊町玉城字花トリ1999-1","http://www.erabu.net/hanarenbo/","27.378944","128.644135","f"
"0381","荻野酒造","おぎのしゅぞう","028-0775","2","岩手県遠野市上郷町平倉４０-２３ ","なし","39.2627408","141.5921837","t"
"0382","沖之光酒造","おきのひかりしゅぞう","906-0012","46","沖縄県宮古島市平良西里７３４ ","なし","24.789034","125.3086653","f"
"0383","奥出雲酒造","おくいずもしゅぞう","699-1701","31","島根県仁多郡奥出雲町亀嵩１３８０-１ "," http://www.okuizumosyuzou.com/","35.227274","133.0866917","t"
"0384","奥沢商会","おくさわしょうかい","390-0811","19","長野県松本市中央２-１-２２","なし","36.2313694","137.9686542","t"
"0385","奥嶋酒造","おくしましゅぞう","799-3204","37","愛媛県伊予郡双海町大字上灘甲５７１１ ","なし","33.7256174","132.7759964","t"
"0386","奥田重右ヱ門","おくだしげるうえもん","019-2411","4","秋田県大仙市協和境１１３","http://www.osake.or.jp/kuramoto/s271.html","39.6177098","140.3202386","t"
"0387","奥藤商事","おくとうしょうじ","678-0172","27","兵庫県赤穂市坂越１４１９-１","なし","34.7666989","134.4305767","t"
"0388","奥の松酒造","おくのまつしゅぞう","964-0866","6","福島県二本松市長命６９","http://www.okunomatsu.co.jp","37.5611767","140.4058544","t"
"0389","奥村酒造","おくむらしゅぞう","378-0074","9","群馬県沼田市下発知町１０３４","なし","36.6849726","139.0632826","t"
"0390","奥山儀助商店","おくやまぎすけしょうてん","012-0851","4","秋田県湯沢市吹張１-２-４０ ","なし","39.1545218","140.4926746","t"
"0391","小黒酒造","おぐろしゅぞう","950-3322","14","新潟県新潟市北区嘉山１-６-１","http://www.bairi.net/","37.9133186","139.2188329","f"
"0392","越生酒造","おごせしゅぞう","350-0416","10","埼玉県入間郡越生町越生８５２","http://raiyo.jp/top.htm","35.9593256","139.2960824","t"
"0393","尾込商店","おこみしょうてん","897-0215","45","鹿児島県南九州市川辺町平山６８５５-１ ","なし","31.3915476","130.3950801","f"
"0395","小崎酒造","おざきしゅぞう","759-4101","34","山口県長門市東深川１１５９ ","なし","34.3754862","131.1797696","t"
"0396","尾崎酒造（青森）","おざきしゅぞう","038-2744","1","青森県西津軽郡鰺ヶ沢町漁師町３０ "," http://www.ozakishuzo.com/index.html","40.7829291","140.1980597","t"
"0394","尾崎酒造（和歌山）","おざきしゅぞう","647-0002","29","和歌山県新宮市船町３-２-３ ","http://ozakisyuzou.jp/","33.7314373","135.9877999","f"
"0397","尾崎酒造場","おざきしゅぞうじょう","711-0903","32","岡山県倉敷市児島田の口４-３-４０","なし","34.4765521","133.8445339","t"
"0398","長内酒造店","おさないしゅぞうてん","037-0106","1","青森県つがる市稲垣町沼崎幾代崎１２１-４","なし","40.8844781","140.3949079","t"
"0399","小澤酒造","おざわしゅぞう","198-0172","12","東京都青梅市沢井２-７７０ ","http://www.sawanoi-sake.com","35.8041015","139.194516","f"
"0401","尾澤酒造場","おざわしゅぞうじょう","381-2405","19","長野県長野市信州新町新町１６８-１","http://www.misuzunishiki.co.jp","36.5728413","138.0150737","t"
"0400","小澤酒造場","おざわしゅぞうじょう","192-0055","12","東京都八王子市八木町２-１５ ","なし","35.6606985","139.321683","f"
"0402","尾鈴山蒸留所","おすずやまじょうりゅうじょ","884-0104","44","宮崎県児湯郡木城町石河内倉谷６５６-１７","なし","32.221755","131.421112","t"
"0403","落合酒造場","おちあいしゅぞうじょう","880-0911","44","宮崎県宮崎市大字田吉３４８ ","なし","31.8791765","131.4299777","f"
"0404","落酒造場","おちしゅぞうじょう","716-1433","32","岡山県真庭市下呰部６６４-４","なし","34.9643143","133.6288387","t"
"0405","男自慢酒造","おとこじまんしゅぞう","746-0062","34","山口県周南市福川中市町８番３３号","なし","34.0742456","131.7343742","t"
"0406","男山","おとこやま","079-8412","0","北海道旭川市永山二条７-６４","http://www.otokoyama.com/","43.7956624","142.4081047","f"
"0407","男山酒造","おとこやましゅぞう","990-0037","5","山形県山形市八日町２-４-１３","http://www.otokoyama.co.jp","38.2422372","140.3312195","f"
"0408","男山酒造店","おとこやましゅぞうてん","969-6226","6","福島県大沼郡会津美里町旭杉原東乙９４","なし","37.43782","139.8308378","t"
"0409","男山本店","おとこやまほんてん","988-0013","3","宮城県気仙沼市魚町２-２-１４","http://www.kesennuma.co.jp/","38.9065287","141.5743054","t"
"0410","音瀬歌子","おとせうたこ","522-0201","24","滋賀県彦根市高宮町１０７９ ","なし","35.2352185","136.257947","t"
"0411","小野酒造（由布）","おのしゅぞう","879-5405","43","大分県由布市庄内町東長宝４５４-１ ","なし","33.1845523","131.4507456","t"
"0412","小野酒造（杵築）","おのしゅぞう","879-1307","43","大分県杵築市山香町大字野原１３５３-２","なし","33.441303","131.5050274","t"
"0413","小野酒造（広島）","おのしゅぞう","731-1521","33","広島県山県郡北広島町丁保余原蔵迫４７ ","なし","34.6715555","132.5504516","t"
"0414","小野酒造店（長野）","おのしゅぞうてん","399-0601","19","長野県上伊那郡辰野町小野９９２-１","なし","36.04276","137.9685691","t"
"0415","小野酒造店（宮城）","おのしゅぞうてん","989-2432","3","宮城県岩沼市中央２-５-１６","なし","38.1086638","140.8678492","t"
"0416","小野富酒造","おのとみしゅぞう","876-0803","43","大分県佐伯市駅前１-３-１４","http://www.tenka-muteki.co.jp/","32.9702993","131.9032958","f"
"0417","尾畑酒造","おばたしゅぞう","952-0318","14","新潟県佐渡市真野新町４４９","http://www.obata-shuzo.com/","37.9632971","138.3448036","t"
"0418","小原酒造","おばらしゅぞう","966-0074","6","福島県喜多方市字南町２８４６","http://www.oharashuzo.co.jp/","37.6535243","139.8798943","f"
"0419","お福酒造","おふくしゅぞう","940-1117","14","新潟県長岡市横枕町６０６ ","http://www.ofuku-shuzo.jp/","37.4035695","138.851423","f"
"0420","小布施酒造","おぶせしゅぞう","381-0207","19","長野県上高井郡小布施町押羽５７１","http://obusewinery.com/","36.7093684","138.3155009","t"
"0421","お茂ご酒造","おもごしゅぞう","791-1201","37","愛媛県上浮穴郡久万高原町久万１３７ ","なし","33.656475","132.9025292","t"
"0422","重家酒造","おもやしゅぞう","811-5214","41","長崎県壱岐市石田町印通寺浦２００","http://www.omoyashuzo.com/","33.7444436","129.7564642","t"
"0423","恩田酒造","おんだしゅぞう","940-1133","14","新潟県長岡市六日市町１３３０","なし","37.3586167","138.8344792","t"
"0424","恩納酒造所","おんなしゅぞうしょ","904-0411","46","沖縄県国頭郡恩納村字恩納２６９０ ","なし","26.499977","127.8535183","f"
"0425","甲斐商店","かいしょうてん","895-2513","45","鹿児島県伊佐市大口上町２０８４ ","なし","32.0632689","130.6068302","f"
"0426","下越酒造","かえつしゅぞう","959-4402","14","新潟県東蒲原郡阿賀町津川３６４４ ","http://www.sake-kirin.com/","37.6806623","139.4554548","f"
"0427","薫仙","かおるせん","820-0074","39","福岡県飯塚市楽市４１７","なし","33.6118827","130.6764557","t"
"0428","加賀の井酒造","かがのいしゅぞう","941-0061","14","新潟県糸魚川市大町２-３-５ ","http://www.kaganoi.co.jp","37.0454054","137.8591357","f"
"0429","垣内酒造","かきうちしゅぞう","719-0252","32","岡山県浅口市鴨方町六条院中３５１２-３","なし","34.5274087","133.5905155","t"
"0430","角星","かくぼし","988-0013","3","宮城県気仙沼市魚町二丁目1-9","http://www.kakuboshi.co.jp/","38.9063231","141.5738027","f"
